<?xml version="1.0" encoding="UTF-8"?>
<!DOCTYPE beans PUBLIC "-//SPRING//DTD BEAN//EN" "http://www.springframework.org/dtd/spring-beans.dtd">

<beans>


	<bean id="helloBean" class="com.developersBook.springExample.bean.HelloBean">
		
		<property name="helloService">
			<ref bean="helloService"/>
		</property>
		<property name="byeService">
			<ref bean="byeService"/>
		</property>
	</bean>


	<bean id="helloService" class="com.developersBook.springExample.serviceImpl.HelloServiceImpl" />
	<bean id="byeService" class="com.developersBook.springExample.serviceImpl.ByeServiceImpl"/>

</beans>